{"cameraMode":{"drawMode":0,"name":"Shaded","section":"Shading Mode"},"sceneLighting":true,"audioPlay":false,"sceneViewState":{"m_AlwaysRefresh":false,"showFog":true,"showSkybox":true,"showFlares":true,"showImageEffects":true,"showParticleSystems":true,"showVisualEffectGraphs":true,"m_FxEnabled":true},"in2DMode":false,"pivot":{"x":-1.5189952850341797,"y":1.7733139991760255,"z":2.224888324737549},"rotation":{"x":-0.25619015097618105,"y":-0.34148845076560976,"z":0.09730976074934006,"w":-0.8990512490272522},"size":5.463500499725342,"orthographic":false}